지점,성명,품목
강원지점,R041,nan
강원지점,R042,nan
경기지점,R001,nan
경기지점,R002,nan
경기지점,R003,nan
경기지점,R004,nan
경기지점,R005,nan
경기지점,R006,nan
경기지점,R007,nan
경기지점,R008,nan
광주전남지점,R023,nan
광주전남지점,R024,nan
광주전남지점,R025,nan
광주전남지점,R026,nan
광주전남지점,R027,nan
광주전남지점,R028,nan
대구경북지점,R029,nan
대구경북지점,R030,nan
대구경북지점,R031,nan
대구경북지점,R032,nan
대구경북지점,R033,nan
부울경지점,R009,nan
부울경지점,R010,nan
부울경지점,R011,nan
부울경지점,R012,nan
부울경지점,R013,nan
부울경지점,R014,nan
부울경지점,R015,nan
서울지점,R016,nan
서울지점,R017,nan
서울지점,R018,nan
서울지점,R019,nan
서울지점,R020,nan
서울지점,R021,nan
서울지점,R022,nan
인천지점,R039,nan
인천지점,R040,nan
전북지점,R043,nan
전북지점,R044,nan
제주지점,R045,nan
충청지점,R034,nan
충청지점,R035,nan
충청지점,R036,nan
충청지점,R037,nan
충청지점,R038,nan
